﻿OBJECTID,TREE_ASSET_CD,ASSET_TYPE,ASSET_SUBTYPE,COMMON_NAME,HORT_CODE,GENUS,SPECIES,CULTIVAR,DBH_CM,MATURE_SIZE,RATING,APPRAISED_VALUE,TREE_CONDITION_RATING_PERC,HERITAGE_TREES,TREE_MAINTENANCE,MAINTAINED_BY,WAM_ID,COMM_CODE,LOCATION_DETAIL,SITE_ELEMENT_TYPE_DESCRIPTION,SITE_ELEMENT_MINORTYPE,HARDWARE,ACTIVE_DT,MODIFIED_DT,X_Point,Y_Point
2,RDL666,TREE,Deciduous,"ELM, BRANDON",ULAMBR,ULMUS,AMERICANA,BRANDON,17,LARGE,100,1839.55,69,N,MAINTAIN TREE,CALGARY PARKS,T-32494521,RDL,16 AV NW,NON TITLED,BVM - BOULEVARD MAJOR,N,2022-11-17,2025-08-29,-5773.2843,5658950.517
3,RDL666,TREE,Deciduous,"ELM, BRANDON",ULAMBR,ULMUS,AMERICANA,BRANDON,28,LARGE,100,4267.21,59,N,MAINTAIN TREE,CALGARY PARKS,T-32454585,RDL,16 AV NW,NON TITLED,BVM - BOULEVARD MAJOR,N,2011-07-26,2025-08-29,-5144.1009,5658950.641
4,HIL666,TREE,Deciduous,"ELM, BRANDON",ULAMBR,ULMUS,AMERICANA,BRANDON,22,LARGE,100,2768.27,62,N,MAINTAIN TREE,CALGARY PARKS,T-32204660,HIL,1301 16 AV NW,NON TITLED,BVM - BOULEVARD MAJOR,N,2011-07-27,2025-08-29,-6533.2399,5658946.239
5,HIL666,TREE,Deciduous,"ELM, BRANDON",ULAMBR,ULMUS,AMERICANA,BRANDON,22,LARGE,100,2768.27,62,N,MAINTAIN TREE,CALGARY PARKS,T-32204673,HIL,1301 16 AV NW,NON TITLED,BVM - BOULEVARD MAJOR,N,2011-07-27,2025-08-29,-6503.6269,5658946.213
6,HIL666,TREE,Deciduous,"ELM, BRANDON",ULAMBR,ULMUS,AMERICANA,BRANDON,10,LARGE,100,565,56,N,ESTABLISH TREE,CALGARY PARKS,T-51071844,HIL,16 AV NW,NON TITLED,BVM - BOULEVARD MAJOR,N,2013-07-09,2025-09-15,-6040.8737,5658950.445
12,RDL666,TREE,Deciduous,"ELM, BRANDON",ULAMBR,ULMUS,AMERICANA,BRANDON,27,LARGE,100,4438.6,66,N,MAINTAIN TREE,CALGARY PARKS,T-32480204,RDL,16 AV NW,NON TITLED,BVM - BOULEVARD MAJOR,N,2011-07-24,2025-08-29,-5389.0232,5658950.602
13,CRE666,TREE,Deciduous,"ELM, BRANDON",ULAMBR,ULMUS,AMERICANA,BRANDON,32,LARGE,100,5155.5,59,N,MAINTAIN TREE,CALGARY PARKS,T-32496457,CRE,16 AV NW,NON TITLED,BVM - BOULEVARD MAJOR,N,2011-07-27,2025-08-29,-4531.6765,5658950.523
14,HIL666,TREE,Deciduous,"ELM, BRANDON",ULAMBR,ULMUS,AMERICANA,BRANDON,24,LARGE,100,3135.07,59,N,MAINTAIN TREE,CALGARY PARKS,T-32488466,HIL,16 AV NW,NON TITLED,BVM - BOULEVARD MAJOR,N,2011-07-24,2025-08-29,-6012.5942,5658948.921
15,CRE666,TREE,Deciduous,"ELM, BRANDON",ULAMBR,ULMUS,AMERICANA,BRANDON,14,LARGE,100,936.58,56,N,MAINTAIN TREE,CALGARY PARKS,T-51071721,CRE,16 AV NW,NON TITLED,BVM - BOULEVARD MAJOR,N,2013-07-12,2025-08-29,-4510.7754,5658950.872
17,RDL666,TREE,Deciduous,"ELM, BRANDON",ULAMBR,ULMUS,AMERICANA,BRANDON,29,LARGE,100,4577.45,59,N,MAINTAIN TREE,CALGARY PARKS,T-32480196,RDL,16 AV NW,NON TITLED,BVM - BOULEVARD MAJOR,N,2011-07-25,2025-08-29,-5614.4604,5658950.598
20,HIL666,TREE,Deciduous,"ELM, BRANDON",ULAMBR,ULMUS,AMERICANA,BRANDON,15,LARGE,100,1286.87,62,N,MAINTAIN TREE,CALGARY PARKS,T-32204658,HIL,1301 16 AV NW,NON TITLED,BVM - BOULEVARD MAJOR,N,2011-07-27,2025-08-29,-6518.6261,5658946.276
21,HIL666,TREE,Deciduous,"ELM, BRANDON",ULAMBR,ULMUS,AMERICANA,BRANDON,23,LARGE,100,3220.86,66,N,MAINTAIN TREE,CALGARY PARKS,T-32204672,HIL,1301 16 AV NW,NON TITLED,BVM - BOULEVARD MAJOR,N,2011-07-27,2025-08-29,-6496.7158,5658946.404
22,CRE666,TREE,Deciduous,"ELM, BRANDON",ULAMBR,ULMUS,AMERICANA,BRANDON,25,LARGE,100,3146.64,59,N,MAINTAIN TREE,CALGARY PARKS,T-32496446,CRE,16 AV NW,NON TITLED,BVM - BOULEVARD MAJOR,N,2007-07-26,2025-08-29,-4926.4786,5658950.83
27,RDL666,TREE,Deciduous,"ELM, BRANDON",ULAMBR,ULMUS,AMERICANA,BRANDON,31,LARGE,100,5585.22,63,N,MAINTAIN TREE,CALGARY PARKS,T-32508708,RDL,16 AV NW,NON TITLED,BVM - BOULEVARD MAJOR,N,2011-07-25,2025-08-29,-5585.1627,5658950.666
28,CRE666,TREE,Deciduous,"ELM, BRANDON",ULAMBR,ULMUS,AMERICANA,BRANDON,10,LARGE,100,565,59,N,ESTABLISH TREE,CALGARY PARKS,T-51071750,CRE,16 AV NW,NON TITLED,BVM - BOULEVARD MAJOR,N,2013-07-11,2025-08-29,-4704.4269,5658950.689
30,RDL666,TREE,Deciduous,"ELM, BRANDON",ULAMBR,ULMUS,AMERICANA,BRANDON,22,LARGE,100,2634.32,59,N,MAINTAIN TREE,CALGARY PARKS,T-32461359,RDL,16 AV NW,NON TITLED,BVM - BOULEVARD MAJOR,N,2011-07-26,2025-08-29,-5151.3342,5658950.604
31,RDL666,TREE,Deciduous,"ELM, BRANDON",ULAMBR,ULMUS,AMERICANA,BRANDON,25,LARGE,100,3401.78,59,N,MAINTAIN TREE,CALGARY PARKS,T-32461341,RDL,16 AV NW,NON TITLED,BVM - BOULEVARD MAJOR,N,2011-07-27,2025-08-29,-5081.1952,5658950.635
32,CRE666,TREE,Deciduous,"ELM, BRANDON",ULAMBR,ULMUS,AMERICANA,BRANDON,33,LARGE,100,5854.47,63,N,MAINTAIN TREE,CALGARY PARKS,T-32488118,CRE,16 AV NW,NON TITLED,BVM - BOULEVARD MAJOR,N,2007-07-26,2025-08-29,-4757.0856,5658950.593
35,CRE666,TREE,Deciduous,"ELM, BRANDON",ULAMBR,ULMUS,AMERICANA,BRANDON,14,LARGE,100,1103.82,66,N,MAINTAIN TREE,CALGARY PARKS,T-51094052,CRE,16 AV NE,NON TITLED,BVM - BOULEVARD MAJOR,N,2014-07-02,2025-08-29,-4655.5324,5658950.534
37,RDL666,TREE,Deciduous,"ELM, BRANDON",ULAMBR,ULMUS,AMERICANA,BRANDON,21,LARGE,100,2400.28,59,N,MAINTAIN TREE,CALGARY PARKS,T-32492625,RDL,16 AV NW,NON TITLED,BVM - BOULEVARD MAJOR,N,2011-07-24,2025-08-29,-5745.4796,5658950.497
38,HIL666,TREE,Deciduous,"ELM, BRANDON",ULAMBR,ULMUS,AMERICANA,BRANDON,22,LARGE,100,,63,N,MAINTAIN TREE,CALGARY PARKS,T-32204674,HIL,1301 16 AV NW,NON TITLED,BVM - BOULEVARD MAJOR,N,2011-07-27,,-6441.1416,5658946.313
39,HIL666,TREE,Deciduous,"ELM, BRANDON",ULAMBR,ULMUS,AMERICANA,BRANDON,14,LARGE,100,1066.76,59,N,ESTABLISH TREE,CALGARY PARKS,T-32204654,HIL,1301 16 AV NW,NON TITLED,BVM - BOULEVARD MAJOR,N,2011-07-27,2025-09-11,-6409.0895,5658946.228
41,CRE666,TREE,Deciduous,"ELM, BRANDON",ULAMBR,ULMUS,AMERICANA,BRANDON,22,LARGE,100,2436.75,59,N,MAINTAIN TREE,CALGARY PARKS,T-50788683,CRE,,NON TITLED,BVM - BOULEVARD MAJOR,N,2011-07-27,2025-08-29,-4433.7251,5658951.528
42,RDL666,TREE,Deciduous,"ELM, BRANDON",ULAMBR,ULMUS,AMERICANA,BRANDON,30,LARGE,100,4649.51,56,N,MAINTAIN TREE,CALGARY PARKS,T-50900357,RDL,,NON TITLED,BVM - BOULEVARD MAJOR,N,2011-07-24,2025-08-29,-5627.995,5658950.368
43,TUX666,TREE,Deciduous,"ELM, BRANDON",ULAMBR,ULMUS,AMERICANA,BRANDON,15,LARGE,100,1060.63,56,N,MAINTAIN TREE,CALGARY PARKS,T-51296819,TUX,,NON TITLED,BVM - BOULEVARD MAJOR,N,,2025-08-29,-4697.4941,5658982.53
44,RDL666,TREE,Deciduous,"ELM, BRANDON",ULAMBR,ULMUS,AMERICANA,BRANDON,28,LARGE,100,4267.21,59,N,MAINTAIN TREE,CALGARY PARKS,T-32480197,RDL,16 AV NW,NON TITLED,BVM - BOULEVARD MAJOR,N,2011-07-24,2025-08-29,-5656.4302,5658950.655
45,CRE666,TREE,Deciduous,"ELM, BRANDON",ULAMBR,ULMUS,AMERICANA,BRANDON,26,LARGE,100,3576.47,62,N,MAINTAIN TREE,CALGARY PARKS,T-32496600,CRE,16 AV NW,NON TITLED,BVM - BOULEVARD MAJOR,N,2011-07-26,2025-08-29,-4641.4793,5658950.576
50,HIL666,TREE,Deciduous,"ELM, BRANDON",ULAMBR,ULMUS,AMERICANA,BRANDON,28,LARGE,100,4556.51,63,N,MAINTAIN TREE,CALGARY PARKS,T-32209810,HIL,1301 16 AV NW,NON TITLED,BVM - BOULEVARD MAJOR,N,2011-07-27,2025-08-29,-6328.7313,5658946.218
52,CAP667,TREE,Deciduous,"ELM, BRANDON",ULAMBR,ULMUS,AMERICANA,BRANDON,19,LARGE,100,1914.47,63,N,MAINTAIN TREE,CALGARY PARKS,T-51071846,CAP,1336 16 AV NW,NON TITLED,BVM - BOULEVARD MAJOR,N,2013-07-08,2025-08-29,-6433.1555,5658982.31
53,CRE666,TREE,Deciduous,"ELM, BRANDON",ULAMBR,ULMUS,AMERICANA,BRANDON,18,LARGE,100,,25,N,MAINTAIN TREE,CALGARY PARKS,T-51071723,CRE,16 AV NW,NON TITLED,BVM - BOULEVARD MAJOR,N,2013-07-12,2025-08-29,-4468.5039,5658951.28
54,HIL666,TREE,Deciduous,"ELM, BRANDON",ULAMBR,ULMUS,AMERICANA,BRANDON,28,LARGE,100,4773.48,66,N,MAINTAIN TREE,CALGARY PARKS,T-32502242,HIL,16 AV NW,NON TITLED,BVM - BOULEVARD MAJOR,N,2011-07-24,2025-08-29,-6061.9427,5658950.492
56,RDL666,TREE,Deciduous,"ELM, BRANDON",ULAMBR,ULMUS,AMERICANA,BRANDON,22,LARGE,100,2946.87,66,N,MAINTAIN TREE,CALGARY PARKS,T-32461251,RDL,16 AV NW,NON TITLED,BVM - BOULEVARD MAJOR,N,2011-07-25,2025-09-12,-5438.1913,5658950.553
57,CRE666,TREE,Deciduous,"ELM, BRANDON",ULAMBR,ULMUS,AMERICANA,BRANDON,29,LARGE,100,4234.14,59,N,MAINTAIN TREE,CALGARY PARKS,T-32474986,CRE,16 AV NW,NON TITLED,BVM - BOULEVARD MAJOR,N,2007-07-25,2025-08-29,-4849.5341,5658950.612
59,HIL666,TREE,Deciduous,"ELM, BRANDON",ULAMBR,ULMUS,AMERICANA,BRANDON,22,LARGE,100,2812.92,63,N,MAINTAIN TREE,CALGARY PARKS,T-32204676,HIL,1301 16 AV NW,NON TITLED,BVM - BOULEVARD MAJOR,N,2011-07-27,2025-08-29,-6466.7386,5658946.189
60,CRE666,TREE,Deciduous,"ELM, BRANDON",ULAMBR,ULMUS,AMERICANA,BRANDON,24,LARGE,100,2752.49,56,N,MAINTAIN TREE,CALGARY PARKS,T-32501921,CRE,16 AV NW,NON TITLED,BVM - BOULEVARD MAJOR,N,2007-07-26,2025-08-29,-4791.9552,5658950.67
61,CRE666,TREE,Deciduous,"ELM, BRANDON",ULAMBR,ULMUS,AMERICANA,BRANDON,23,LARGE,100,2663.31,59,N,MAINTAIN TREE,CALGARY PARKS,T-32485920,CRE,16 AV NW,NON TITLED,BVM - BOULEVARD MAJOR,N,2011-07-26,2025-09-19,-4690.493,5658950.777
66,CRE666,TREE,Deciduous,"ELM, BRANDON",ULAMBR,ULMUS,AMERICANA,BRANDON,12,LARGE,100,774.09,63,N,MAINTAIN TREE,CALGARY PARKS,T-51071744,CRE,16 AV NW,NON TITLED,BVM - BOULEVARD MAJOR,N,2013-07-11,2025-08-29,-4750.1678,5658950.475
67,HIL666,TREE,Deciduous,"ELM, BRANDON",ULAMBR,ULMUS,AMERICANA,BRANDON,22,LARGE,100,2812.92,63,N,MAINTAIN TREE,CALGARY PARKS,T-32204665,HIL,1301 16 AV NW,NON TITLED,BVM - BOULEVARD MAJOR,N,2011-07-27,2025-08-29,-6376.3786,5658946.132
68,CRE666,TREE,Deciduous,"ELM, BRANDON",ULAMBR,ULMUS,AMERICANA,BRANDON,11,LARGE,100,609.15,59,N,ESTABLISH TREE,CALGARY PARKS,T-51265228,CRE,,NON TITLED,BVM - BOULEVARD MAJOR,N,2018-04-19,2025-08-29,-4763.9193,5658950.666
69,CRE666,TREE,Deciduous,"ELM, BRANDON",ULAMBR,ULMUS,AMERICANA,BRANDON,27,LARGE,100,3670.26,59,N,MAINTAIN TREE,CALGARY PARKS,T-32497322,CRE,16 AV NW,NON TITLED,BVM - BOULEVARD MAJOR,N,2011-07-26,2025-08-29,-4697.3829,5658950.672
70,RDL666,TREE,Deciduous,"ELM, BRANDON",ULAMBR,ULMUS,AMERICANA,BRANDON,26,LARGE,100,4115.9,66,N,MAINTAIN TREE,CALGARY PARKS,T-32461343,RDL,16 AV NW,NON TITLED,BVM - BOULEVARD MAJOR,N,2011-07-26,2025-08-29,-5074.1512,5658950.694
72,RDL666,TREE,Deciduous,"ELM, BRANDON",ULAMBR,ULMUS,AMERICANA,BRANDON,10,LARGE,100,565,54,N,ESTABLISH TREE,CALGARY PARKS,T-51094026,RDL,16 AV NE,NON TITLED,BVM - BOULEVARD MAJOR,N,2014-07-02,2025-08-29,-5226.8211,5658950.613
73,HIL666,TREE,Deciduous,"ELM, BRANDON",ULAMBR,ULMUS,AMERICANA,BRANDON,21,LARGE,100,2685.06,66,N,ESTABLISH TREE,CALGARY PARKS,T-50795476,HIL,,NON TITLED,BVM - BOULEVARD MAJOR,N,2011-07-24,2025-08-29,-6077.4182,5658950.788
75,RDL666,TREE,Deciduous,"ELM, BRANDON",ULAMBR,ULMUS,AMERICANA,BRANDON,29,LARGE,100,4655.04,60,N,MAINTAIN TREE,CALGARY PARKS,T-32463553,RDL,16 AV NW,NON TITLED,BVM - BOULEVARD MAJOR,N,2011-07-25,2025-08-29,-5382.1753,5658950.662
77,CRE666,TREE,Deciduous,"ELM, BRANDON",ULAMBR,ULMUS,AMERICANA,BRANDON,24,LARGE,100,3096.55,63,N,MAINTAIN TREE,CALGARY PARKS,T-50867972,CRE,16 AV NW,NON TITLED,BVM - BOULEVARD MAJOR,N,2007-07-26,2025-08-29,-4947.2396,5658950.438
82,CAP667,TREE,Deciduous,"ELM, BRANDON",ULAMBR,ULMUS,AMERICANA,BRANDON,21,LARGE,100,2078.88,56,N,MAINTAIN TREE,CALGARY PARKS,T-50868135,CAP,1120 16 AV NW,NON TITLED,BVM - BOULEVARD MAJOR,N,2011-07-24,2025-09-17,-6056.193,5658982.355
83,HIL666,TREE,Deciduous,"ELM, BRANDON",ULAMBR,ULMUS,AMERICANA,BRANDON,22,LARGE,100,2812.92,63,N,MAINTAIN TREE,CALGARY PARKS,T-32204668,HIL,1301 16 AV NW,NON TITLED,BVM - BOULEVARD MAJOR,N,2011-07-27,2025-08-29,-6447.8071,5658946.365
87,RDL666,TREE,Deciduous,"ELM, BRANDON",ULAMBR,ULMUS,AMERICANA,BRANDON,26,LARGE,100,3928.82,63,N,MAINTAIN TREE,CALGARY PARKS,T-32508714,RDL,16 AV NW,NON TITLED,BVM - BOULEVARD MAJOR,N,2011-07-25,2025-08-29,-5375.1243,5658950.61
88,CRE666,TREE,Deciduous,"ELM, BRANDON",ULAMBR,ULMUS,AMERICANA,BRANDON,25,LARGE,100,3199.98,60,N,MAINTAIN TREE,CALGARY PARKS,T-32477025,CRE,16 AV NW,NON TITLED,BVM - BOULEVARD MAJOR,N,2011-07-27,2025-08-29,-4496.7503,5658951.06
89,CRE666,TREE,Deciduous,"ELM, BRANDON",ULAMBR,ULMUS,AMERICANA,BRANDON,27,LARGE,100,3670.26,59,N,MAINTAIN TREE,CALGARY PARKS,T-32492676,CRE,16 AV NW,NON TITLED,BVM - BOULEVARD MAJOR,N,2011-07-27,2025-08-29,-4517.6442,5658950.9
90,HIL666,TREE,Deciduous,"ELM, BRANDON",ULAMBR,ULMUS,AMERICANA,BRANDON,22,LARGE,100,2812.92,63,N,MAINTAIN TREE,CALGARY PARKS,T-32209811,HIL,1301 16 AV NW,NON TITLED,BVM - BOULEVARD MAJOR,N,2011-07-27,2025-09-16,-6390.7541,5658946.15
91,CRE666,TREE,Deciduous,"ELM, BRANDON",ULAMBR,ULMUS,AMERICANA,BRANDON,29,LARGE,100,4234.14,59,N,MAINTAIN TREE,CALGARY PARKS,T-50867979,CRE,16 AV NW,NON TITLED,BVM - BOULEVARD MAJOR,N,2007-07-26,2025-08-29,-4835.6771,5658950.866
92,RDL666,TREE,Deciduous,"ELM, BRANDON",ULAMBR,ULMUS,AMERICANA,BRANDON,22,LARGE,100,2366.43,53,N,MAINTAIN TREE,CALGARY PARKS,T-32496451,RDL,16 AV NW,NON TITLED,BVM - BOULEVARD MAJOR,N,2011-07-24,2025-08-29,-5766.3173,5658950.52
95,CRE666,TREE,Deciduous,"ELM, BRANDON",ULAMBR,ULMUS,AMERICANA,BRANDON,27,LARGE,100,3919.09,63,N,MAINTAIN TREE,CALGARY PARKS,T-32497326,CRE,16 AV NW,NON TITLED,BVM - BOULEVARD MAJOR,N,2011-07-26,2025-08-29,-4648.5375,5658950.405
96,HIL666,TREE,Deciduous,"ELM, BRANDON",ULAMBR,ULMUS,AMERICANA,BRANDON,24,LARGE,100,3347.62,63,N,MAINTAIN TREE,CALGARY PARKS,T-32204664,HIL,1301 16 AV NW,NON TITLED,BVM - BOULEVARD MAJOR,N,2011-07-27,2025-08-29,-6356.7114,5658946.097
97,HIL666,TREE,Deciduous,"ELM, BRANDON",ULAMBR,ULMUS,AMERICANA,BRANDON,17,LARGE,100,1679.59,63,N,MAINTAIN TREE,CALGARY PARKS,T-32204670,HIL,1301 16 AV NW,NON TITLED,BVM - BOULEVARD MAJOR,N,2011-07-27,2025-08-29,-6480.8124,5658946.429
98,RDL666,TREE,Deciduous,"ELM, BRANDON",ULAMBR,ULMUS,AMERICANA,BRANDON,23,LARGE,100,2879.26,59,N,MAINTAIN TREE,CALGARY PARKS,T-32483564,RDL,16 AV NW,NON TITLED,BVM - BOULEVARD MAJOR,N,2011-07-25,2025-08-29,-5431.2523,5658950.657
99,HIL666,TREE,Deciduous,"ELM, BRANDON",ULAMBR,ULMUS,AMERICANA,BRANDON,22,LARGE,100,2946.87,66,N,MAINTAIN TREE,CALGARY PARKS,T-32204661,HIL,1301 16 AV NW,NON TITLED,BVM - BOULEVARD MAJOR,N,2011-07-27,2025-08-29,-6540.4593,5658946.182
100,RDL666,TREE,Deciduous,"ELM, BRANDON",ULAMBR,ULMUS,AMERICANA,BRANDON,34,LARGE,100,6291.98,59,N,MAINTAIN TREE,CALGARY PARKS,T-32477746,RDL,16 AV NW,NON TITLED,BVM - BOULEVARD MAJOR,N,2011-07-26,2025-08-29,-5060.2243,5658950.647
101,CRE666,TREE,Deciduous,"ELM, BRANDON",ULAMBR,ULMUS,AMERICANA,BRANDON,30,LARGE,100,4531.19,59,N,MAINTAIN TREE,CALGARY PARKS,T-32497101,CRE,16 AV NW,NON TITLED,BVM - BOULEVARD MAJOR,N,2011-07-27,2025-08-29,-4503.4791,5658950.888
103,RDL666,TREE,Deciduous,"ELM, BRANDON",ULAMBR,ULMUS,AMERICANA,BRANDON,31,LARGE,100,4964.64,56,N,MAINTAIN TREE,CALGARY PARKS,T-32485788,RDL,16 AV NW,NON TITLED,BVM - BOULEVARD MAJOR,N,2011-07-26,2025-08-29,-5067.1001,5658950.721
104,CAP667,TREE,Deciduous,"ELM, BRANDON",ULAMBR,ULMUS,AMERICANA,BRANDON,32,LARGE,100,5085.83,59,N,MAINTAIN TREE,CALGARY PARKS,T-50868128,CAP,1236 16 AV NW,NON TITLED,BVM - BOULEVARD MAJOR,N,2011-07-24,2025-09-11,-6259.4737,5658982.286
105,CRE666,TREE,Deciduous,"ELM, BRANDON",ULAMBR,ULMUS,AMERICANA,BRANDON,11,LARGE,100,578.17,56,N,ESTABLISH TREE,CALGARY PARKS,T-51071760,CRE,16 AV NW,NON TITLED,BVM - BOULEVARD MAJOR,N,2013-07-11,2025-08-29,-4933.1796,5658950.435
106,RDL666,TREE,Deciduous,"ELM, BRANDON",ULAMBR,ULMUS,AMERICANA,BRANDON,26,LARGE,100,3679.37,59,N,MAINTAIN TREE,CALGARY PARKS,T-32506461,RDL,16 AV NW,NON TITLED,BVM - BOULEVARD MAJOR,N,2011-07-26,2025-08-29,-5270.1646,5658950.657
107,HIL666,TREE,Deciduous,"ELM, BRANDON",ULAMBR,ULMUS,AMERICANA,BRANDON,23,LARGE,100,3220.86,66,N,MAINTAIN TREE,CALGARY PARKS,T-32204657,HIL,1301 16 AV NW,NON TITLED,BVM - BOULEVARD MAJOR,N,2011-07-27,2025-08-29,-6510.6219,5658946.266
111,HIL666,TREE,Deciduous,"ELM, BRANDON",ULAMBR,ULMUS,AMERICANA,BRANDON,22,LARGE,100,2812.92,63,N,MAINTAIN TREE,CALGARY PARKS,T-32204656,HIL,1301 16 AV NW,NON TITLED,BVM - BOULEVARD MAJOR,N,2011-07-27,2025-08-29,-6423.7593,5658946.269
114,RDL666,TREE,Deciduous,"ELM, BRANDON",ULAMBR,ULMUS,AMERICANA,BRANDON,23,LARGE,100,2879.26,59,N,MAINTAIN TREE,CALGARY PARKS,T-32492624,RDL,16 AV NW,NON TITLED,BVM - BOULEVARD MAJOR,N,2011-07-24,2025-08-29,-5731.3494,5658950.548
117,CRE666,TREE,Deciduous,"ELM, BRANDON",ULAMBR,ULMUS,AMERICANA,BRANDON,24,LARGE,100,3096.55,63,N,MAINTAIN TREE,CALGARY PARKS,T-32492643,CRE,16 AV NW,NON TITLED,BVM - BOULEVARD MAJOR,N,2007-07-26,2025-08-29,-4770.8441,5658950.706
118,RDL666,TREE,Deciduous,"ELM, BRANDON",ULAMBR,ULMUS,AMERICANA,BRANDON,10,LARGE,100,565,55,N,ESTABLISH TREE,CALGARY PARKS,T-51071839,RDL,16 AV NW,NON TITLED,BVM - BOULEVARD MAJOR,N,2013-07-09,2025-08-29,-5459.1271,5658950.598
121,HIL666,TREE,Deciduous,"ELM, BRANDON",ULAMBR,ULMUS,AMERICANA,BRANDON,17,LARGE,100,1679.59,63,N,MAINTAIN TREE,CALGARY PARKS,T-32204651,HIL,1301 16 AV NW,NON TITLED,BVM - BOULEVARD MAJOR,N,2011-07-27,2025-09-19,-6335.7543,5658946.215
123,CRE666,TREE,Deciduous,"ELM, BRANDON",ULAMBR,ULMUS,AMERICANA,BRANDON,28,LARGE,100,3947.16,59,N,MAINTAIN TREE,CALGARY PARKS,T-32477024,CRE,16 AV NW,NON TITLED,BVM - BOULEVARD MAJOR,N,2007-07-25,2025-08-29,-4856.3325,5658950.986
124,CRE666,TREE,Deciduous,"ELM, BRANDON",ULAMBR,ULMUS,AMERICANA,BRANDON,17,LARGE,100,1307.02,53,N,MAINTAIN TREE,CALGARY PARKS,T-32506677,CRE,16 AV NW,NON TITLED,BVM - BOULEVARD MAJOR,N,2011-07-27,2025-08-29,-4489.7341,5658951.221
125,HIL666,TREE,Deciduous,"ELM, BRANDON",ULAMBR,ULMUS,AMERICANA,BRANDON,24,LARGE,100,3347.62,63,N,MAINTAIN TREE,CALGARY PARKS,T-32204653,HIL,1301 16 AV NW,NON TITLED,BVM - BOULEVARD MAJOR,N,2011-07-27,2025-08-29,-6402.7465,5658946.142
126,HIL666,TREE,Deciduous,"ELM, BRANDON",ULAMBR,ULMUS,AMERICANA,BRANDON,22,LARGE,100,2634.32,59,N,MAINTAIN TREE,CALGARY PARKS,T-32204675,HIL,1301 16 AV NW,NON TITLED,BVM - BOULEVARD MAJOR,N,2011-07-27,2025-08-29,-6454.2765,5658946.229
127,CAP666,TREE,Deciduous,"ELM, BRANDON",ULAMBR,ULMUS,AMERICANA,BRANDON,9,LARGE,100,,25,N,ESTABLISH TREE,CALGARY PARKS,T-51094069,CAP,16 AV NE,NON TITLED,BVM - BOULEVARD MAJOR,N,2014-06-29,,-6504.0513,5658982.11
128,HIL666,TREE,Deciduous,"ELM, BRANDON",ULAMBR,ULMUS,AMERICANA,BRANDON,16,LARGE,100,1393.33,59,N,MAINTAIN TREE,CALGARY PARKS,T-32204669,HIL,1301 16 AV NW,NON TITLED,BVM - BOULEVARD MAJOR,N,2011-07-27,2025-08-29,-6473.5935,5658946.131
131,CRE666,TREE,Deciduous,"ELM, BRANDON",ULAMBR,ULMUS,AMERICANA,BRANDON,11,LARGE,100,619.47,60,N,ESTABLISH TREE,CALGARY PARKS,T-51265229,CRE,,NON TITLED,BVM - BOULEVARD MAJOR,N,2018-04-19,2025-09-18,-4842.9739,5658950.45
133,CRE666,TREE,Deciduous,"ELM, BRANDON",ULAMBR,ULMUS,AMERICANA,BRANDON,16,LARGE,100,1441.75,66,N,MAINTAIN TREE,CALGARY PARKS,T-51094058,CRE,16 AV NE,NON TITLED,BVM - BOULEVARD MAJOR,N,2014-07-02,2025-08-29,-4863.8254,5658950.714
135,HIL666,TREE,Deciduous,"ELM, BRANDON",ULAMBR,ULMUS,AMERICANA,BRANDON,22,LARGE,100,2946.87,66,N,MAINTAIN TREE,CALGARY PARKS,T-32204659,HIL,1301 16 AV NW,NON TITLED,BVM - BOULEVARD MAJOR,N,2011-07-27,2025-08-29,-6526.3571,5658946.242
137,RDL666,TREE,Deciduous,"ELM, BRANDON",ULAMBR,ULMUS,AMERICANA,BRANDON,8,LARGE,100,,59,N,ESTABLISH TREE,CALGARY PARKS,T-51384306,RDL,912 16 AV SW,NON TITLED,BVM - BOULEVARD MAJOR,N,2021-09-02,2025-08-29,-5738.4494,5658950.645
138,CRE666,TREE,Deciduous,"ELM, BRANDON",ULAMBR,ULMUS,AMERICANA,BRANDON,24,LARGE,100,2899.94,59,N,MAINTAIN TREE,CALGARY PARKS,T-32493024,CRE,16 AV NW,NON TITLED,BVM - BOULEVARD MAJOR,N,2011-07-26,2025-08-29,-4599.1027,5658950.895
139,CRE666,TREE,Deciduous,"ELM, BRANDON",ULAMBR,ULMUS,AMERICANA,BRANDON,24,LARGE,100,2752.49,56,N,MAINTAIN TREE,CALGARY PARKS,T-32485921,CRE,16 AV NW,NON TITLED,BVM - BOULEVARD MAJOR,N,2011-07-26,2025-08-29,-4676.384,5658950.63
140,HIL666,TREE,Deciduous,"ELM, BRANDON",ULAMBR,ULMUS,AMERICANA,BRANDON,17,LARGE,100,1572.95,59,N,MAINTAIN TREE,CALGARY PARKS,T-32204671,HIL,1301 16 AV NW,NON TITLED,BVM - BOULEVARD MAJOR,N,2011-07-27,2025-08-29,-6487.7514,5658946.315
141,HIL666,TREE,Deciduous,"ELM, BRANDON",ULAMBR,ULMUS,AMERICANA,BRANDON,16,LARGE,100,1393.33,59,N,MAINTAIN TREE,CALGARY PARKS,T-32204667,HIL,1301 16 AV NW,NON TITLED,BVM - BOULEVARD MAJOR,N,2011-07-27,2025-08-29,-6433.9013,5658946.281
143,RDL666,TREE,Deciduous,"ELM, BRANDON",ULAMBR,ULMUS,AMERICANA,BRANDON,26,LARGE,100,3679.37,59,N,MAINTAIN TREE,CALGARY PARKS,T-32501626,RDL,16 AV NW,NON TITLED,BVM - BOULEVARD MAJOR,N,2011-07-27,2025-08-29,-5277.0966,5658950.62
144,RDL666,TREE,Deciduous,"ELM, BRANDON",ULAMBR,ULMUS,AMERICANA,BRANDON,39,LARGE,100,8839.92,63,N,MAINTAIN TREE,CALGARY PARKS,T-32261775,RDL,16 AV NW,NON TITLED,BVM - BOULEVARD MAJOR,N,2011-07-26,2025-08-29,-5164.9877,5658950.651
145,RDL666,TREE,Deciduous,"ELM, BRANDON",ULAMBR,ULMUS,AMERICANA,BRANDON,24,LARGE,100,3135.07,59,N,MAINTAIN TREE,CALGARY PARKS,T-32461336,RDL,16 AV NW,NON TITLED,BVM - BOULEVARD MAJOR,N,2011-07-25,2025-09-17,-5472.9768,5658950.668
146,HIL666,TREE,Deciduous,"ELM, BRANDON",ULAMBR,ULMUS,AMERICANA,BRANDON,17,LARGE,100,1572.95,59,N,MAINTAIN TREE,CALGARY PARKS,T-50795480,HIL,,NON TITLED,BVM - BOULEVARD MAJOR,N,2011-07-25,2025-08-29,-6033.7386,5658950.403
147,CRE666,TREE,Deciduous,"ELM, BRANDON",ULAMBR,ULMUS,AMERICANA,BRANDON,22,LARGE,100,2312.85,56,N,MAINTAIN TREE,CALGARY PARKS,T-50788684,CRE,,NON TITLED,BVM - BOULEVARD MAJOR,N,2011-07-27,2025-08-29,-4426.9126,5658951.222
150,CRE666,TREE,Deciduous,"ELM, BRANDON",ULAMBR,ULMUS,AMERICANA,BRANDON,12,LARGE,100,774.09,63,N,MAINTAIN TREE,CALGARY PARKS,T-51071724,CRE,16 AV NW,NON TITLED,BVM - BOULEVARD MAJOR,N,2013-07-12,2025-08-29,-4475.6602,5658951.164
151,RDL666,TREE,Deciduous,"ELM, BRANDON",ULAMBR,ULMUS,AMERICANA,BRANDON,22,LARGE,100,,67,N,ESTABLISH TREE,CALGARY PARKS,T-32480199,RDL,16 AV NW,NON TITLED,BVM - BOULEVARD MAJOR,N,2011-07-25,2025-08-29,-5465.9889,5658950.583
153,CRE666,TREE,Deciduous,"ELM, BRANDON",ULAMBR,ULMUS,AMERICANA,BRANDON,23,LARGE,100,2527.89,56,N,MAINTAIN TREE,CALGARY PARKS,T-32492677,CRE,16 AV NW,NON TITLED,BVM - BOULEVARD MAJOR,N,2011-07-26,2025-08-29,-4482.7112,5658951.204
154,CRE666,TREE,Deciduous,"ELM, BRANDON",ULAMBR,ULMUS,AMERICANA,BRANDON,13,LARGE,100,807.55,56,N,MAINTAIN TREE,CALGARY PARKS,T-51094054,CRE,16 AV NE,NON TITLED,BVM - BOULEVARD MAJOR,N,2014-07-02,2025-08-29,-4982.2983,5658950.705
155,CRE666,TREE,Deciduous,"ELM, BRANDON",ULAMBR,ULMUS,AMERICANA,BRANDON,25,LARGE,100,3146.64,59,N,MAINTAIN TREE,CALGARY PARKS,T-32501914,CRE,16 AV NW,NON TITLED,BVM - BOULEVARD MAJOR,N,2007-07-26,2025-08-29,-4785.0233,5658950.73
156,HIL666,TREE,Deciduous,"ELM, BRANDON",ULAMBR,ULMUS,AMERICANA,BRANDON,24,LARGE,100,3135.07,59,N,MAINTAIN TREE,CALGARY PARKS,T-32204652,HIL,1301 16 AV NW,NON TITLED,BVM - BOULEVARD MAJOR,N,2011-07-27,2025-08-29,-6342.5811,5658946.213
157,RDL666,TREE,Deciduous,"ELM, BRANDON",ULAMBR,ULMUS,AMERICANA,BRANDON,12,LARGE,100,690.74,52,N,ESTABLISH TREE,CALGARY PARKS,T-51071826,RDL,16 AV NW,NON TITLED,BVM - BOULEVARD MAJOR,N,2013-07-11,2025-08-29,-5233.6759,5658950.609
158,CRE666,TREE,Deciduous,"ELM, BRANDON",ULAMBR,ULMUS,AMERICANA,BRANDON,28,LARGE,100,4214.77,63,N,MAINTAIN TREE,CALGARY PARKS,T-50867971,CRE,16 AV NW,NON TITLED,BVM - BOULEVARD MAJOR,N,2007-07-26,2025-08-29,-4940.1323,5658950.609
159,RDL666,TREE,Deciduous,"ELM, BRANDON",ULAMBR,ULMUS,AMERICANA,BRANDON,15,LARGE,100,1141.58,55,N,MAINTAIN TREE,CALGARY PARKS,T-51071841,RDL,16 AV NW,NON TITLED,BVM - BOULEVARD MAJOR,N,2013-07-10,2025-08-29,-5494.081,5658950.568
160,CRE666,TREE,Deciduous,"ELM, BRANDON",ULAMBR,ULMUS,AMERICANA,BRANDON,32,LARGE,100,5505.02,63,N,MAINTAIN TREE,CALGARY PARKS,T-32476992,CRE,16 AV NW,NON TITLED,BVM - BOULEVARD MAJOR,N,2007-07-26,2025-08-29,-4777.9582,5658950.723
161,HIL666,TREE,Deciduous,"ELM, BRANDON",ULAMBR,ULMUS,AMERICANA,BRANDON,22,LARGE,100,2812.92,63,N,MAINTAIN TREE,CALGARY PARKS,T-32204666,HIL,1301 16 AV NW,NON TITLED,BVM - BOULEVARD MAJOR,N,2011-07-27,2025-08-29,-6383.6818,5658946.252
254,CRE666,TREE,Deciduous,"ELM, AMERICAN",ULAM,ULMUS,AMERICANA,,6,LARGE,90,,67,N,ESTABLISH TREE,CALGARY PARKS,T-51318711,CRE,217 16 AV NW,NON TITLED,BVM - BOULEVARD MAJOR,N,2021-09-07,2025-08-29,-4612.6164,5658950.473
255,CRE666,TREE,Deciduous,"ELM, AMERICAN",ULAM,ULMUS,AMERICANA,,20,LARGE,90,1935.33,63,N,MAINTAIN TREE,CALGARY PARKS,T-51071727,CRE,16 AV NW,NON TITLED,BVM - BOULEVARD MAJOR,N,2013-07-12,2025-08-29,-4454.7171,5658951.369
258,CRE666,TREE,Deciduous,"ELM, AMERICAN",ULAM,ULMUS,AMERICANA,,9,LARGE,90,565,63,N,ESTABLISH TREE,CALGARY PARKS,T-51126883,CRE,133 16 AV NW,NON TITLED,BVM - BOULEVARD MAJOR,N,,2025-08-29,-4524.6252,5658950.851
260,TUX666,TREE,Deciduous,"ELM, AMERICAN",ULAM,ULMUS,AMERICANA,,17,LARGE,90,1445.05,66,N,MAINTAIN TREE,CALGARY PARKS,T-51071732,TUX,16 AV NW,NON TITLED,BVM - BOULEVARD MAJOR,N,2013-07-12,2025-08-29,-4613.4988,5658982.677
261,CRE666,TREE,Deciduous,"ELM, AMERICAN",ULAM,ULMUS,AMERICANA,,18,LARGE,90,1492.96,60,N,MAINTAIN TREE,CALGARY PARKS,T-51071725,CRE,16 AV NW,NON TITLED,BVM - BOULEVARD MAJOR,N,2013-07-12,2025-08-29,-4440.643,5658951.457
263,CRE666,TREE,Deciduous,"ELM, AMERICAN",ULAM,ULMUS,AMERICANA,,10,LARGE,90,565,69,N,ESTABLISH TREE,CALGARY PARKS,T-51365401,CRE,16 AV NW,NON TITLED,BVM - BOULEVARD MAJOR,N,2021-09-07,2025-08-29,-4446.902,5658951.518
265,TUX666,TREE,Deciduous,"ELM, AMERICAN",ULAM,ULMUS,AMERICANA,,13,LARGE,90,845.01,66,N,MAINTAIN TREE,CALGARY PARKS,T-51196739,TUX,220 16 AV NW,NON TITLED,BVM - BOULEVARD MAJOR,N,2017-10-31,2025-08-29,-4599.5021,5658982.52
267,CRE666,TREE,Deciduous,"ELM, AMERICAN",ULAM,ULMUS,AMERICANA,,4,LARGE,90,565,56,N,ESTABLISH TREE,CALGARY PARKS,T-51384647,CRE,2020 16 AV NW,NON TITLED,BVM - BOULEVARD MAJOR,N,2021-09-07,2025-08-29,-4606.0067,5658950.712
268,CRE666,TREE,Deciduous,"ELM, AMERICAN",ULAM,ULMUS,AMERICANA,,10,LARGE,90,565,65,N,ESTABLISH TREE,CALGARY PARKS,T-51365405,CRE,16 AV NW,NON TITLED,BVM - BOULEVARD MAJOR,N,2021-09-07,2025-08-29,-4619.9475,5658950.824
269,CRE666,TREE,Deciduous,"ELM, AMERICAN",ULAM,ULMUS,AMERICANA,,8,LARGE,90,565,67,N,ESTABLISH TREE,CALGARY PARKS,T-51365404,CRE,16 AVE NW,NON TITLED,BVM - BOULEVARD MAJOR,N,2021-09-07,2025-08-29,-4627.4333,5658950.631
270,TUX666,TREE,Deciduous,"ELM, AMERICAN",ULAM,ULMUS,AMERICANA,,12,LARGE,90,643.63,59,N,MAINTAIN TREE,CALGARY PARKS,T-51071740,TUX,16 AV NW,NON TITLED,BVM - BOULEVARD MAJOR,N,2013-07-12,2025-08-29,-4648.5577,5658982.442
271,TUX666,TREE,Deciduous,"ELM, AMERICAN",ULAM,ULMUS,AMERICANA,,10,LARGE,90,565,63,N,ESTABLISH TREE,CALGARY PARKS,T-51225240,TUX,,NON TITLED,BVM - BOULEVARD MAJOR,N,,2025-08-29,-4620.5219,5658982.494
272,CRE666,TREE,Deciduous,"ELM, AMERICAN",ULAM,ULMUS,AMERICANA,,9,LARGE,90,565,66,N,ESTABLISH TREE,CALGARY PARKS,T-51365406,CRE,16 AVE NW,NON TITLED,BVM - BOULEVARD MAJOR,N,2021-09-07,2025-08-29,-4634.246,5658950.603
275,TUX666,TREE,Deciduous,"ELM, AMERICAN",ULAM,ULMUS,AMERICANA,,13,LARGE,90,755.38,59,N,MAINTAIN TREE,CALGARY PARKS,T-51071741,TUX,16 AV NW,NON TITLED,BVM - BOULEVARD MAJOR,N,2013-07-12,2025-08-29,-4655.6788,5658982.459
276,TUX666,TREE,Deciduous,"ELM, AMERICAN",ULAM,ULMUS,AMERICANA,,10,LARGE,90,565,69,N,ESTABLISH TREE,CALGARY PARKS,T-51379256,TUX,220 16 AV NW,NON TITLED,BVM - BOULEVARD MAJOR,N,2021-09-14,2025-08-29,-4627.643,5658982.523
278,CRE666,TREE,Deciduous,"ELM, AMERICAN",ULAM,ULMUS,AMERICANA,,8,LARGE,90,565,69,N,ESTABLISH TREE,CALGARY PARKS,T-51365402,CRE,16 AVE NW,NON TITLED,BVM - BOULEVARD MAJOR,N,2021-09-07,2025-08-29,-4461.4458,5658951.297
280,TUX666,TREE,Deciduous,"ELM, AMERICAN",ULAM,ULMUS,AMERICANA,,9,LARGE,90,,38,N,ESTABLISH TREE,CALGARY PARKS,T-51379255,TUX,220 16 AV NW,NON TITLED,BVM - BOULEVARD MAJOR,N,2021-09-14,2025-08-29,-4606.5741,5658982.549
281,TUX666,TREE,Deciduous,"ELM, AMERICAN",ULAM,ULMUS,AMERICANA,,13,LARGE,90,716.97,56,N,MAINTAIN TREE,CALGARY PARKS,T-51071743,TUX,16 AV NW,NON TITLED,BVM - BOULEVARD MAJOR,N,2013-07-12,2025-08-29,-4669.5214,5658982.505
284,RDL666,TREE,Deciduous,"ELM, AMERICAN",ULAM,ULMUS,AMERICANA,,12,LARGE,90,860.77,72,N,ESTABLISH TREE,CALGARY PARKS,T-51365417,RDL,16 AV NW,NON TITLED,BVM - BOULEVARD MAJOR,N,2021-09-07,2025-08-29,-5284.0494,5658950.705
285,RDL666,TREE,Deciduous,"ELM, AMERICAN",ULAM,ULMUS,AMERICANA,,5,LARGE,90,,37,N,ESTABLISH TREE,CALGARY PARKS,T-51365416,RDL,16 AVE NW,NON TITLED,BVM - BOULEVARD MAJOR,N,2021-09-07,2025-08-29,-5291.2407,5658950.645
287,RDL666,TREE,Deciduous,"ELM, AMERICAN",ULAM,ULMUS,AMERICANA,,11,LARGE,90,,50,N,ESTABLISH TREE,CALGARY PARKS,T-51127019,RDL,16 AV FR 4 ST NW TO 10 ST NW,NON TITLED,BVM - BOULEVARD MAJOR,N,2023-10-30,2025-08-29,-5137.0289,5658950.59
288,RDL666,TREE,Deciduous,"ELM, AMERICAN",ULAM,ULMUS,AMERICANA,,4,LARGE,90,,50,N,ESTABLISH TREE,CALGARY PARKS,T-51365418,RDL,16 AV NW,NON TITLED,BVM - BOULEVARD MAJOR,N,2021-09-07,2025-08-29,-5318.6319,5658950.551
290,TUX666,TREE,Deciduous,"ELM, AMERICAN",ULAM,ULMUS,AMERICANA,,15,LARGE,90,954.57,56,N,MAINTAIN TREE,CALGARY PARKS,T-51071735,TUX,16 AV NW,NON TITLED,BVM - BOULEVARD MAJOR,N,2013-07-12,2025-08-29,-4676.6496,5658982.434
291,RDL666,TREE,Deciduous,"ELM, AMERICAN",ULAM,ULMUS,AMERICANA,,6,LARGE,90,565,69,N,ESTABLISH TREE,CALGARY PARKS,T-51379259,RDL,16 AV NW,NON TITLED,BVM - BOULEVARD MAJOR,N,2021-09-07,2025-08-29,-5247.8971,5658950.623
292,RDL666,TREE,Deciduous,"ELM, AMERICAN",ULAM,ULMUS,AMERICANA,,7,LARGE,90,,57,N,ESTABLISH TREE,CALGARY PARKS,T-51379258,RDL,16 AV NW,NON TITLED,BVM - BOULEVARD MAJOR,N,2021-09-07,2025-08-29,-5193.1639,5658950.657
294,RDL666,TREE,Deciduous,"ELM, AMERICAN",ULAM,ULMUS,AMERICANA,,14,LARGE,90,911.26,56,N,MAINTAIN TREE,CALGARY PARKS,T-51019589,RDL,16 AV NW,NON TITLED,BVM - BOULEVARD MAJOR,N,2012-07-10,2025-08-29,-5088.3097,5658950.308
295,CRE666,TREE,Deciduous,"ELM, AMERICAN",ULAM,ULMUS,AMERICANA,,5,LARGE,90,565,67,N,ESTABLISH TREE,CALGARY PARKS,T-51387180,CRE,16AV NW,NON TITLED,BVM - BOULEVARD MAJOR,N,2022-07-26,2025-08-29,-4683.5963,5658950.659
297,RDL666,TREE,Deciduous,"ELM, AMERICAN",ULAM,ULMUS,AMERICANA,,11,LARGE,90,723.27,72,N,ESTABLISH TREE,CALGARY PARKS,T-51365411,RDL,16 AV NW,NON TITLED,BVM - BOULEVARD MAJOR,N,2021-09-07,2025-08-29,-5095.0097,5658950.926
298,CRE666,TREE,Deciduous,"ELM, AMERICAN",ULAM,ULMUS,AMERICANA,,19,LARGE,90,1912.97,69,N,ESTABLISH TREE,CALGARY PARKS,T-51379273,CRE,331 16 AV NW,NON TITLED,BVM - BOULEVARD MAJOR,N,2021-09-07,2025-08-29,-4870.9325,5658950.643
299,RDL666,TREE,Deciduous,"ELM, AMERICAN",ULAM,ULMUS,AMERICANA,,5,LARGE,90,565,69,N,ESTABLISH TREE,CALGARY PARKS,T-51387182,RDL,16AV NW,NON TITLED,BVM - BOULEVARD MAJOR,N,2022-07-26,2025-08-29,-5053.2574,5658950.618
300,RDL666,TREE,Deciduous,"ELM, AMERICAN",ULAM,ULMUS,AMERICANA,,7,LARGE,90,,53,N,ESTABLISH TREE,CALGARY PARKS,T-51379270,RDL,16 AV NW,NON TITLED,BVM - BOULEVARD MAJOR,N,2021-09-07,2025-08-29,-5171.9618,5658950.469
301,RDL666,TREE,Deciduous,"ELM, AMERICAN",ULAM,ULMUS,AMERICANA,,7,LARGE,90,,53,N,ESTABLISH TREE,CALGARY PARKS,T-51379269,RDL,16 AV NW,NON TITLED,BVM - BOULEVARD MAJOR,N,2021-09-07,2025-08-29,-5178.9425,5658950.721
302,RDL666,TREE,Deciduous,"ELM, AMERICAN",ULAM,ULMUS,AMERICANA,,23,LARGE,90,2591.33,59,N,MAINTAIN TREE,CALGARY PARKS,T-51365415,RDL,16 AVE NW,NON TITLED,BVM - BOULEVARD MAJOR,N,2021-09-07,2025-08-29,-5263.1345,5658950.717
303,RDL666,TREE,Deciduous,"ELM, AMERICAN",ULAM,ULMUS,AMERICANA,,8,LARGE,90,,63,N,ESTABLISH TREE,CALGARY PARKS,T-51365410,RDL,16 AVE NW,NON TITLED,BVM - BOULEVARD MAJOR,N,2021-09-07,2025-08-29,-5129.8448,5658950.516
306,TUX666,TREE,Deciduous,"ELM, AMERICAN",ULAM,ULMUS,AMERICANA,,14,LARGE,90,935.47,63,N,MAINTAIN TREE,CALGARY PARKS,T-51071736,TUX,16 AV NW,NON TITLED,BVM - BOULEVARD MAJOR,N,2013-07-12,2025-08-29,-4683.6164,5658982.507
308,RDL666,TREE,Deciduous,"ELM, AMERICAN",ULAM,ULMUS,AMERICANA,,6,LARGE,90,565,72,N,ESTABLISH TREE,CALGARY PARKS,T-51365414,RDL,16 AVE NW,NON TITLED,BVM - BOULEVARD MAJOR,N,2021-09-07,2025-08-29,-5240.783,5658950.572
311,RDL666,TREE,Deciduous,"ELM, AMERICAN",ULAM,ULMUS,AMERICANA,,10,LARGE,90,,63,N,ESTABLISH TREE,CALGARY PARKS,T-51379260,RDL,16 AV NW,NON TITLED,BVM - BOULEVARD MAJOR,N,2021-09-07,2025-08-29,-5256.1818,5658950.587
312,TUX666,TREE,Deciduous,"ELM, AMERICAN",ULAM,ULMUS,AMERICANA,,15,LARGE,90,1005.7,59,N,MAINTAIN TREE,CALGARY PARKS,T-51071737,TUX,16 AV NW,NON TITLED,BVM - BOULEVARD MAJOR,N,2013-07-12,2025-08-29,-4690.6394,5658982.48
313,CRE666,TREE,Deciduous,"ELM, AMERICAN",ULAM,ULMUS,AMERICANA,,9,LARGE,90,565,53,N,ESTABLISH TREE,CALGARY PARKS,T-51365408,CRE,16 AVE NW,NON TITLED,BVM - BOULEVARD MAJOR,N,2021-09-07,2025-08-29,-4968.3295,5658950.625
316,CRE666,TREE,Deciduous,"ELM, AMERICAN",ULAM,ULMUS,AMERICANA,,10,LARGE,90,565,69,N,ESTABLISH TREE,CALGARY PARKS,T-51379272,CRE,331 16 AV NW,NON TITLED,BVM - BOULEVARD MAJOR,N,2021-09-07,2025-08-29,-4877.8505,5658950.572
317,CRE666,TREE,Deciduous,"ELM, AMERICAN",ULAM,ULMUS,AMERICANA,,5,LARGE,90,565,56,N,ESTABLISH TREE,CALGARY PARKS,T-51387056,CRE,16AV NW,NON TITLED,BVM - BOULEVARD MAJOR,N,2022-07-26,2025-08-29,-4975.2474,5658950.587
318,TUX666,TREE,Deciduous,"ELM, AMERICAN",ULAM,ULMUS,AMERICANA,,3,LARGE,90,565,69,N,ESTABLISH TREE,CALGARY PARKS,T-51387064,TUX,16AV NW,NON TITLED,BVM - BOULEVARD MAJOR,N,2022-07-25,2025-08-29,-4704.5872,5658982.481
319,TUX666,TREE,Deciduous,"ELM, AMERICAN",ULAM,ULMUS,AMERICANA,,14,LARGE,90,876.07,59,N,MAINTAIN TREE,CALGARY PARKS,T-51071742,TUX,16 AV NW,NON TITLED,BVM - BOULEVARD MAJOR,N,2013-07-12,2025-08-29,-4662.5546,5658982.387
320,RDL666,TREE,Deciduous,"ELM, AMERICAN",ULAM,ULMUS,AMERICANA,,4,LARGE,90,,50,N,ESTABLISH TREE,CALGARY PARKS,T-51379261,RDL,16 AV NW,NON TITLED,BVM - BOULEVARD MAJOR,N,2021-09-07,2025-08-29,-5332.5938,5658950.621
322,CRE666,TREE,Deciduous,"ELM, AMERICAN",ULAM,ULMUS,AMERICANA,,9,LARGE,90,565,63,N,ESTABLISH TREE,CALGARY PARKS,T-51365407,CRE,16 AVE NE,NON TITLED,BVM - BOULEVARD MAJOR,N,2021-09-07,2025-08-29,-4919.0143,5658950.522
323,RDL666,TREE,Deciduous,"ELM, AMERICAN",ULAM,ULMUS,AMERICANA,,9,LARGE,90,565,72,N,ESTABLISH TREE,CALGARY PARKS,T-51365419,RDL,16 AVE NW,NON TITLED,BVM - BOULEVARD MAJOR,N,2021-09-07,2025-08-29,-5325.5147,5658950.614
328,RDL666,TREE,Deciduous,"ELM, AMERICAN",ULAM,ULMUS,AMERICANA,,6,LARGE,90,565,6,N,ESTABLISH TREE,CALGARY PARKS,T-51379264,RDL,16 AV NW,NON TITLED,BVM - BOULEVARD MAJOR,N,2021-09-07,2025-08-29,-5635.4312,5658950.643
332,RDL666,TREE,Deciduous,"ELM, AMERICAN",ULAM,ULMUS,AMERICANA,,10,LARGE,90,597.74,72,N,ESTABLISH TREE,CALGARY PARKS,T-51384445,RDL,16 AV NW,NON TITLED,BVM - BOULEVARD MAJOR,N,2021-09-01,2025-08-29,-5803.6963,5658950.495
334,RDL666,TREE,Deciduous,"ELM, AMERICAN",ULAM,ULMUS,AMERICANA,,11,LARGE,90,723.27,72,N,ESTABLISH TREE,CALGARY PARKS,T-51365508,RDL,16 AVE NW,NON TITLED,BVM - BOULEVARD MAJOR,N,2021-09-02,2025-08-29,-5817.8055,5658950.422
336,RDL666,TREE,Deciduous,"ELM, AMERICAN",ULAM,ULMUS,AMERICANA,,10,LARGE,90,597.74,72,N,ESTABLISH TREE,CALGARY PARKS,T-51365504,RDL,16 AV NW,NON TITLED,BVM - BOULEVARD MAJOR,N,2021-09-02,2025-08-29,-5759.7573,5658950.146
338,RDL666,TREE,Deciduous,"ELM, AMERICAN",ULAM,ULMUS,AMERICANA,,6,LARGE,90,,63,N,ESTABLISH TREE,CALGARY PARKS,T-51365502,RDL,16 AV NW,NON TITLED,BVM - BOULEVARD MAJOR,N,2021-09-02,2025-08-29,-5670.4201,5658950.67
340,RDL666,TREE,Deciduous,"ELM, AMERICAN",ULAM,ULMUS,AMERICANA,,5,LARGE,90,,67,N,ESTABLISH TREE,CALGARY PARKS,T-51379262,RDL,16 AV NW,NON TITLED,BVM - BOULEVARD MAJOR,N,2021-09-07,2025-08-29,-5487.0369,5658950.627
345,RDL666,TREE,Deciduous,"ELM, AMERICAN",ULAM,ULMUS,AMERICANA,,8,LARGE,90,,67,N,ESTABLISH TREE,CALGARY PARKS,T-51379266,RDL,16 AV NW,NON TITLED,BVM - BOULEVARD MAJOR,N,2021-09-02,2025-08-29,-5663.4252,5658950.584
348,RDL666,TREE,Deciduous,"ELM, AMERICAN",ULAM,ULMUS,AMERICANA,,12,LARGE,90,657.53,63,N,ESTABLISH TREE,CALGARY PARKS,T-51019649,RDL,16 AV NW,NON TITLED,BVM - BOULEVARD MAJOR,N,2012-07-08,2025-08-29,-5452.0341,5658950.512
349,RDL666,TREE,Deciduous,"ELM, AMERICAN",ULAM,ULMUS,AMERICANA,,26,LARGE,90,3535.93,63,N,MAINTAIN TREE,CALGARY PARKS,T-51071772,RDL,16 AV NW,NON TITLED,BVM - BOULEVARD MAJOR,N,2013-07-08,2025-08-29,-5811.0417,5658950.504
350,RDL666,TREE,Deciduous,"ELM, AMERICAN",ULAM,ULMUS,AMERICANA,,9,LARGE,90,565,72,N,ESTABLISH TREE,CALGARY PARKS,T-51365503,RDL,16 AVE NW,NON TITLED,BVM - BOULEVARD MAJOR,N,2021-09-02,2025-08-29,-5752.5028,5658950.305
353,RDL666,TREE,Deciduous,"ELM, AMERICAN",ULAM,ULMUS,AMERICANA,,8,LARGE,90,,67,N,ESTABLISH TREE,CALGARY PARKS,T-51379265,RDL,16 AV NW,NON TITLED,BVM - BOULEVARD MAJOR,N,2021-09-07,2025-08-29,-5649.4914,5658950.558
355,RDL666,TREE,Deciduous,"ELM, AMERICAN",ULAM,ULMUS,AMERICANA,,5,LARGE,90,565,60,N,ESTABLISH TREE,CALGARY PARKS,T-51365500,RDL,16 AVE NW,NON TITLED,BVM - BOULEVARD MAJOR,N,2021-09-07,2025-08-29,-5424.2153,5658950.65
357,RDL666,TREE,Deciduous,"ELM, AMERICAN",ULAM,ULMUS,AMERICANA,,12,LARGE,90,669.49,56,N,MAINTAIN TREE,CALGARY PARKS,T-51094064,RDL,16 AV NE,NON TITLED,BVM - BOULEVARD MAJOR,N,2014-06-30,2025-08-29,-5578.0767,5658950.625
359,RDL666,TREE,Deciduous,"ELM, AMERICAN",ULAM,ULMUS,AMERICANA,,12,LARGE,90,,59,N,ESTABLISH TREE,CALGARY PARKS,T-51365507,RDL,16 AV NW,NON TITLED,BVM - BOULEVARD MAJOR,N,2021-09-01,2025-08-29,-5787.4704,5658950.533
364,RDL666,TREE,Deciduous,"ELM, AMERICAN",ULAM,ULMUS,AMERICANA,,18,LARGE,90,,50,N,MAINTAIN TREE,CALGARY PARKS,T-51071765,RDL,16 AV NW,NON TITLED,BVM - BOULEVARD MAJOR,N,2013-07-09,2025-08-29,-5642.4753,5658950.606
366,RDL666,TREE,Deciduous,"ELM, AMERICAN",ULAM,ULMUS,AMERICANA,,5,LARGE,90,565,67,N,ESTABLISH TREE,CALGARY PARKS,T-51365501,RDL,16 AV NW,NON TITLED,BVM - BOULEVARD MAJOR,N,2021-09-07,2025-08-29,-5591.948,5658950.128
367,RDL666,TREE,Deciduous,"ELM, AMERICAN",ULAM,ULMUS,AMERICANA,,6,LARGE,90,,57,N,ESTABLISH TREE,CALGARY PARKS,T-51379263,RDL,16 AV NW,NON TITLED,BVM - BOULEVARD MAJOR,N,2021-09-07,2025-08-29,-5621.3502,5658950.638
370,RDL666,TREE,Deciduous,"ELM, AMERICAN",ULAM,ULMUS,AMERICANA,,7,LARGE,90,,47,N,ESTABLISH TREE,CALGARY PARKS,T-51365509,RDL,16 AV NW,NON TITLED,BVM - BOULEVARD MAJOR,N,2021-09-02,2025-08-29,-5824.9616,5658950.475
371,RDL666,TREE,Deciduous,"ELM, AMERICAN",ULAM,ULMUS,AMERICANA,,20,LARGE,90,,63,N,ESTABLISH TREE,CALGARY PARKS,T-51019620,RDL,16 AV NW,NON TITLED,BVM - BOULEVARD MAJOR,N,2012-07-08,2025-08-29,-5445.1231,5658950.628
376,RDL666,TREE,Deciduous,"ELM, AMERICAN",ULAM,ULMUS,AMERICANA,,14,LARGE,90,,63,N,ESTABLISH TREE,CALGARY PARKS,T-51365506,RDL,16 AVE NW,NON TITLED,BVM - BOULEVARD MAJOR,N,2021-09-02,2025-08-29,-5780.2086,5658950.959
381,CAP667,TREE,Deciduous,"ELM, AMERICAN",ULAM,ULMUS,AMERICANA,,25,LARGE,90,3125.17,66,N,MAINTAIN TREE,CALGARY PARKS,T-50868119,CAP,1336 16 AV NW,NON TITLED,BVM - BOULEVARD MAJOR,N,2011-07-24,2025-08-29,-6440.1154,5658982.264
382,CAP667,TREE,Deciduous,"ELM, AMERICAN",ULAM,ULMUS,AMERICANA,,26,LARGE,90,3021.68,59,N,MAINTAIN TREE,CALGARY PARKS,T-50868131,CAP,1140 16 AV NW,NON TITLED,BVM - BOULEVARD MAJOR,N,2011-07-24,2025-08-29,-6092.3523,5658982.231
388,CAP667,TREE,Deciduous,"ELM, AMERICAN",ULAM,ULMUS,AMERICANA,,24,LARGE,90,2749.23,63,N,MAINTAIN TREE,CALGARY PARKS,T-50868136,CAP,1140 16 AV NW,NON TITLED,BVM - BOULEVARD MAJOR,N,2011-07-24,2025-08-29,-6099.3261,5658982.35
389,HIL666,TREE,Deciduous,"ELM, AMERICAN",ULAM,ULMUS,AMERICANA,,7,LARGE,90,565,69,N,ESTABLISH TREE,CALGARY PARKS,T-51379292,HIL,16 AV NW,NON TITLED,BVM - BOULEVARD MAJOR,N,2021-09-02,2025-08-29,-6070.3254,5658950.502
391,CAP667,TREE,Deciduous,"ELM, AMERICAN",ULAM,ULMUS,AMERICANA,,33,LARGE,90,5197.82,63,N,MAINTAIN TREE,CALGARY PARKS,T-50868115,CAP,1324 16 AV NW,NON TITLED,BVM - BOULEVARD MAJOR,N,2011-07-23,2025-08-29,-6399.5897,5658982.28
392,HIL666,TREE,Deciduous,"ELM, AMERICAN",ULAM,ULMUS,AMERICANA,,7,LARGE,90,,63,N,ESTABLISH TREE,CALGARY PARKS,T-51379291,HIL,16 AV NW,NON TITLED,BVM - BOULEVARD MAJOR,N,2021-09-02,2025-08-29,-6084.2312,5658950.563
393,HIL666,TREE,Deciduous,"ELM, AMERICAN",ULAM,ULMUS,AMERICANA,,11,LARGE,90,565,56,N,ESTABLISH TREE,CALGARY PARKS,T-51126953,HIL,16 AV NW; FR 10 ST NW TO FOWLER DR NW,NON TITLED,BVM - BOULEVARD MAJOR,N,,2025-08-29,-6026.8141,5658950.039
403,HIL666,TREE,Deciduous,"ELM, AMERICAN",ULAM,ULMUS,AMERICANA,,14,LARGE,90,1122.81,69,N,MAINTAIN TREE,CALGARY PARKS,T-51365531,HIL,16 AVE NW,NON TITLED,BVM - BOULEVARD MAJOR,N,2021-09-02,2025-08-29,-6019.8614,5658949.864
407,HIL666,TREE,Deciduous,"ELM, AMERICAN",ULAM,ULMUS,AMERICANA,,12,LARGE,90,705.35,59,N,ESTABLISH TREE,CALGARY PARKS,T-51071784,HIL,16 AV NW,NON TITLED,BVM - BOULEVARD MAJOR,N,2013-07-10,2025-08-29,-6098.2632,5658950.59
409,HIL666,TREE,Deciduous,"ELM, AMERICAN",ULAM,ULMUS,AMERICANA,,8,LARGE,90,565,66,N,ESTABLISH TREE,CALGARY PARKS,T-51379293,HIL,16 AV NW,NON TITLED,BVM - BOULEVARD MAJOR,N,2021-09-02,2025-08-29,-6047.9525,5658950.731
410,CAP667,TREE,Deciduous,"ELM, AMERICAN",ULAM,ULMUS,AMERICANA,,33,LARGE,90,5940.36,72,N,MAINTAIN TREE,CALGARY PARKS,T-32483661,CAP,1412 16 AV NW,NON TITLED,BVM - BOULEVARD MAJOR,N,2011-08-25,2025-08-29,-6529.6546,5658982.421
415,HIL666,TREE,Deciduous,"ELM, AMERICAN",ULAM,ULMUS,AMERICANA,,16,LARGE,90,,67,N,ESTABLISH TREE,CALGARY PARKS,T-51071782,HIL,16 AV NW,NON TITLED,BVM - BOULEVARD MAJOR,N,2013-07-09,2025-08-29,-6005.5999,5658948.313
419,CAP667,TREE,Deciduous,"ELM, AMERICAN",ULAM,ULMUS,AMERICANA,,28,LARGE,90,3920.22,66,N,MAINTAIN TREE,CALGARY PARKS,T-50868130,CAP,1216 16 AV NW,NON TITLED,BVM - BOULEVARD MAJOR,N,2011-07-24,2025-09-02,-6188.5224,5658982.034
420,CAP667,TREE,Deciduous,"ELM, AMERICAN",ULAM,ULMUS,AMERICANA,,32,LARGE,90,5120.31,66,N,MAINTAIN TREE,CALGARY PARKS,T-50868123,CAP,1216 16 AV NW,NON TITLED,BVM - BOULEVARD MAJOR,N,2011-07-24,2025-08-29,-6195.4401,5658982.142
422,CAP667,TREE,Deciduous,"ELM, AMERICAN",ULAM,ULMUS,AMERICANA,,19,LARGE,90,1449.53,53,N,MAINTAIN TREE,CALGARY PARKS,T-50868132,CAP,1116 16 AV NW,NON TITLED,BVM - BOULEVARD MAJOR,N,2011-07-24,2025-08-29,-6049.191,5658982.391
423,HIL666,TREE,Deciduous,"ELM, AMERICAN",ULAM,ULMUS,AMERICANA,,8,LARGE,90,565,56,N,ESTABLISH TREE,CALGARY PARKS,T-51120339,HIL,1336 16 AV NW,NON TITLED,BVM - BOULEVARD MAJOR,N,,2025-08-29,-6413.9888,5658946.19
424,CAP667,TREE,Deciduous,"ELM, AMERICAN",ULAM,ULMUS,AMERICANA,,4,LARGE,90,565,75,N,ESTABLISH TREE,CALGARY PARKS,T-51387194,CAP,1412 16 AV NW,NON TITLED,BVM - BOULEVARD MAJOR,N,2022-07-25,2025-08-29,-6504.0513,5658982.11
425,HIL666,TREE,Deciduous,"ELM, AMERICAN",ULAM,ULMUS,AMERICANA,,8,LARGE,90,565,56,N,ESTABLISH TREE,CALGARY PARKS,T-51120340,HIL,1336 16 AV NW,NON TITLED,BVM - BOULEVARD MAJOR,N,,2025-08-29,-6418.8391,5658946.14
426,CAP667,TREE,Deciduous,"ELM, AMERICAN",ULAM,ULMUS,AMERICANA,,28,LARGE,90,4276.61,72,N,MAINTAIN TREE,CALGARY PARKS,T-50868113,CAP,1412 16 AV NW,NON TITLED,BVM - BOULEVARD MAJOR,N,2011-07-23,2025-08-29,-6536.6635,5658982.485
429,CAP667,TREE,Deciduous,"ELM, AMERICAN",ULAM,ULMUS,AMERICANA,,26,LARGE,90,3533.83,69,N,MAINTAIN TREE,CALGARY PARKS,T-50868116,CAP,1336 16 AV NW,NON TITLED,BVM - BOULEVARD MAJOR,N,2011-07-23,2025-08-29,-6406.5215,5658982.311
431,CAP667,TREE,Deciduous,"ELM, AMERICAN",ULAM,ULMUS,AMERICANA,,12,LARGE,90,752.72,69,N,ESTABLISH TREE,CALGARY PARKS,T-51365517,CAP,1130 16 AV NW,NON TITLED,BVM - BOULEVARD MAJOR,N,2021-09-14,2025-08-29,-6078.643,5658982.048
435,HIL666,TREE,Deciduous,"ELM, AMERICAN",ULAM,ULMUS,AMERICANA,,11,LARGE,90,723.27,72,N,ESTABLISH TREE,CALGARY PARKS,T-51365530,HIL,16 AVE NW,NON TITLED,BVM - BOULEVARD MAJOR,N,2021-09-02,2025-08-29,-5998.3954,5658947.659
436,CAP667,TREE,Deciduous,"ELM, AMERICAN",ULAM,ULMUS,AMERICANA,,23,LARGE,90,2364.59,59,N,MAINTAIN TREE,CALGARY PARKS,T-50868129,CAP,1222 16 AV NW,NON TITLED,BVM - BOULEVARD MAJOR,N,2011-07-24,2025-08-29,-6202.4419,5658982.217
437,CAP667,TREE,Deciduous,"ELM, AMERICAN",ULAM,ULMUS,AMERICANA,,12,LARGE,90,,50,N,ESTABLISH TREE,CALGARY PARKS,T-51365516,CAP,1140 16 AV NW,NON TITLED,BVM - BOULEVARD MAJOR,N,2021-09-14,2025-08-29,-6084.902,5658982.044
454,BNF678,SHRUB,Evergreen,"PINE, MUGO",PIMU,PINUS,MUGO,,10,SHRUB,70,,0,N,MAINTAIN SHRUB,CALGARY PARKS,T-51056893,BNF,2312 16 AV NW,NON TITLED,B - BLOCKSIDE,N,,,-7972.1587,5659002.078
457,BNF678,SHRUB,Deciduous,LILAC SHRUB SPECIES,SY,SYRINGA,,,10,SHRUB,90,,,N,,CALGARY PARKS,T-32457720,BNF,2002 16 AV NW,NON TITLED,B - BLOCKSIDE,N,,,-7488.936,5658996.471
462,BNF678,SHRUB,Evergreen,"PINE, MUGO",PIMU,PINUS,MUGO,,10,SHRUB,70,,0,N,MAINTAIN SHRUB,CALGARY PARKS,T-51056894,BNF,2312 16 AV NW,NON TITLED,B - BLOCKSIDE,N,,,-7976.3492,5659002.63
463,BNF666,TREE,Deciduous,"ASH, GREEN",FRPE,FRAXINUS,PENNSYLVANICA,,18,LARGE,80,1172.25,53,N,MAINTAIN TREE,CALGARY PARKS,T-32437639,BNF,16 AV NW; FR 19 ST NW TO BANFF TR NW,NON TITLED,MM - MEDIAN MAJOR,N,,2025-09-05,-7833.188,5658995.87
468,BNF678,TREE,Deciduous,"ELM, SIBERIAN",ULPU,ULMUS,PUMILA,,0,LARGE,70,,0,N,ESTABLISH TREE,CALGARY PARKS,T-51056885,BNF,3204 16 AV NW,NON TITLED,B - BLOCKSIDE,N,,2025-08-29,-7930.596,5659001.87
469,BNF678,SHRUB,Deciduous,LILAC SHRUB SPECIES,SY,SYRINGA,,,10,SHRUB,90,,0,N,MAINTAIN SHRUB,CALGARY PARKS,T-51056887,BNF,3204 16 AV NW,NON TITLED,B - BLOCKSIDE,N,,,-7927.8671,5659003.456
472,BNF666,TREE,Deciduous,"ASH, GREEN",FRPE,FRAXINUS,PENNSYLVANICA,,23,LARGE,80,1913.97,53,N,MAINTAIN TREE,CALGARY PARKS,T-32437660,BNF,16 AV NW; FR 19 ST NW TO BANFF TR NW,NON TITLED,MM - MEDIAN MAJOR,N,,2025-08-29,-7848.9282,5658997.095
473,BNF678,SHRUB,Evergreen,"PINE, MUGO",PIMU,PINUS,MUGO,,10,SHRUB,70,,0,N,MAINTAIN SHRUB,CALGARY PARKS,T-51056892,BNF,2312 16 AV NW,NON TITLED,B - BLOCKSIDE,N,,,-7983.1696,5659002.184
474,BNF678,TREE,Deciduous,"ASH, GREEN",FRPE,FRAXINUS,PENNSYLVANICA,,10,LARGE,80,,0,N,ESTABLISH TREE,CALGARY PARKS,T-32398088,BNF,2304 16 AV NW,NON TITLED,B - BLOCKSIDE,N,,2025-08-29,-7934.1569,5659001.63
478,BNF678,SHRUB,Deciduous,LILAC SHRUB SPECIES,SY,SYRINGA,,,10,SHRUB,90,,,N,,CALGARY PARKS,T-32457711,BNF,2002 16 AV NW,NON TITLED,B - BLOCKSIDE,N,,,-7471.6027,5658996.602
479,BNF678,SHRUB,Deciduous,LILAC SHRUB SPECIES,SY,SYRINGA,,,10,SHRUB,90,,0,N,MAINTAIN SHRUB,CALGARY PARKS,T-32457722,BNF,2002 16 AV NW,NON TITLED,B - BLOCKSIDE,N,,,-7480.5037,5658996.826
480,BNF678,SHRUB,Deciduous,LILAC SHRUB SPECIES,SY,SYRINGA,,,10,SHRUB,90,,,N,,CALGARY PARKS,T-32457710,BNF,2002 16 AV NW,NON TITLED,B - BLOCKSIDE,N,,,-7476.7119,5658996.798
483,BNF678,SHRUB,Deciduous,LILAC SHRUB SPECIES,SY,SYRINGA,,,10,SHRUB,90,,,N,,CALGARY PARKS,T-32457712,BNF,2002 16 AV NW,NON TITLED,B - BLOCKSIDE,N,,,-7496.7934,5658996.216
489,BNF678,SHRUB,Deciduous,LILAC SHRUB SPECIES,SY,SYRINGA,,,10,SHRUB,90,,0,N,MAINTAIN SHRUB,CALGARY PARKS,T-32457721,BNF,2002 16 AV NW,NON TITLED,B - BLOCKSIDE,N,,,-7484.3869,5658996.687
490,BNF678,SHRUB,Deciduous,LILAC SHRUB SPECIES,SY,SYRINGA,,,10,SHRUB,90,,,N,,CALGARY PARKS,T-32457719,BNF,2002 16 AV NW,NON TITLED,B - BLOCKSIDE,N,,,-7492.7909,5658996.443
499,BNF678,SHRUB,Deciduous,LILAC SHRUB SPECIES,SY,SYRINGA,,,10,SHRUB,90,,0,N,MAINTAIN SHRUB,CALGARY PARKS,T-51056895,BNF,2304 16 AV NW,NON TITLED,B - BLOCKSIDE,N,,,-7969.3557,5659001.718
